title,artist,id,danceability,energy,key,loudness,mode,speechiness,acousticness,instrumentalness,liveness,valence,tempo,type,id,uri,track_href,analysis_url,duration_ms,time_signature
Kill Bill,SZA,2ty6DmPnxVPpEFuB23XM0x,0.678,0.798,10,-5.195,1,0.0316,0.0383,0.269,0.126,0.509,99.941,audio_features,2ty6DmPnxVPpEFuB23XM0x,spotify:track:2ty6DmPnxVPpEFuB23XM0x,https://api.spotify.com/v1/tracks/2ty6DmPnxVPpEFuB23XM0x,https://api.spotify.com/v1/audio-analysis/2ty6DmPnxVPpEFuB23XM0x,137528,4
Creepin',"Metro Boomin, The Weeknd & 21 Savage",4CpujwKsq4DxOIMiKr12m8,0.728,0.293,1,-13.657,0,0.0562,0.479,0.904,0.118,0.152,98.302,audio_features,4CpujwKsq4DxOIMiKr12m8,spotify:track:4CpujwKsq4DxOIMiKr12m8,https://api.spotify.com/v1/tracks/4CpujwKsq4DxOIMiKr12m8,https://api.spotify.com/v1/audio-analysis/4CpujwKsq4DxOIMiKr12m8,217026,4
Anti-Hero,Taylor Swift,2d3d9xZutJjmUpntiyHt3F,0.624,0.332,4,-9.989,1,0.0365,0.597,0.000679,0.195,0.397,96.864,audio_features,2d3d9xZutJjmUpntiyHt3F,spotify:track:2d3d9xZutJjmUpntiyHt3F,https://api.spotify.com/v1/tracks/2d3d9xZutJjmUpntiyHt3F,https://api.spotify.com/v1/audio-analysis/2d3d9xZutJjmUpntiyHt3F,196473,4
Unholy,Sam Smith & Kim Petras,2nCTOlmH43oR4DqI6xlCpm,0.585,0.639,8,-2.788,1,0.0345,0.451,0.0,0.212,0.74,91.917,audio_features,2nCTOlmH43oR4DqI6xlCpm,spotify:track:2nCTOlmH43oR4DqI6xlCpm,https://api.spotify.com/v1/tracks/2nCTOlmH43oR4DqI6xlCpm,https://api.spotify.com/v1/audio-analysis/2nCTOlmH43oR4DqI6xlCpm,192052,4
Die For You,The Weeknd,6P8qQd1CFkWnaJoykXZNLi,0.602,0.528,1,-7.152,0,0.0556,0.11,0.0,0.157,0.455,133.851,audio_features,6P8qQd1CFkWnaJoykXZNLi,spotify:track:6P8qQd1CFkWnaJoykXZNLi,https://api.spotify.com/v1/tracks/6P8qQd1CFkWnaJoykXZNLi,https://api.spotify.com/v1/audio-analysis/6P8qQd1CFkWnaJoykXZNLi,260256,4
I'm Good (Blue),David Guetta & Bebe Rexha,7ihNiq6gSmy4mlxOx7uIfn,0.614,0.922,7,-4.794,0,0.0319,0.00249,0.0269,0.0554,0.712,148.012,audio_features,7ihNiq6gSmy4mlxOx7uIfn,spotify:track:7ihNiq6gSmy4mlxOx7uIfn,https://api.spotify.com/v1/tracks/7ihNiq6gSmy4mlxOx7uIfn,https://api.spotify.com/v1/audio-analysis/7ihNiq6gSmy4mlxOx7uIfn,205970,4
Rich Flex,Drake & 21 Savage,5ohIltdc8ekOOQklRN0Py1,0.443,0.689,11,-10.048,0,0.395,0.679,0.0,0.42,0.433,94.891,audio_features,5ohIltdc8ekOOQklRN0Py1,spotify:track:5ohIltdc8ekOOQklRN0Py1,https://api.spotify.com/v1/tracks/5ohIltdc8ekOOQklRN0Py1,https://api.spotify.com/v1/audio-analysis/5ohIltdc8ekOOQklRN0Py1,290909,3
As It Was,Harry Styles,45j9kVVFMQwVmqUw9EBZWf,0.389,0.737,11,-7.037,1,0.0425,0.0968,0.515,0.0536,0.118,75.494,audio_features,45j9kVVFMQwVmqUw9EBZWf,spotify:track:45j9kVVFMQwVmqUw9EBZWf,https://api.spotify.com/v1/tracks/45j9kVVFMQwVmqUw9EBZWf,https://api.spotify.com/v1/audio-analysis/45j9kVVFMQwVmqUw9EBZWf,186800,4
Just Wanna Rock,Lil Uzi Vert,2xrZxqT66DZEcT0X3Kvrcy,0.544,0.546,1,-14.475,1,0.0923,0.0099,0.00027,0.392,0.151,161.76,audio_features,2xrZxqT66DZEcT0X3Kvrcy,spotify:track:2xrZxqT66DZEcT0X3Kvrcy,https://api.spotify.com/v1/tracks/2xrZxqT66DZEcT0X3Kvrcy,https://api.spotify.com/v1/audio-analysis/2xrZxqT66DZEcT0X3Kvrcy,100383,4
Made You Look,Meghan Trainor,4MHrJOgMvqykhcRtYNWiZQ,0.684,0.467,10,-5.623,1,0.0438,0.764,0.0,0.149,0.891,145.178,audio_features,4MHrJOgMvqykhcRtYNWiZQ,spotify:track:4MHrJOgMvqykhcRtYNWiZQ,https://api.spotify.com/v1/tracks/4MHrJOgMvqykhcRtYNWiZQ,https://api.spotify.com/v1/audio-analysis/4MHrJOgMvqykhcRtYNWiZQ,134352,4
Golden Hour,JVKE,5SxZtc0xXmrXcXaoUIQskY,0.326,0.645,4,-4.374,1,0.0442,0.646,0.00521,0.224,0.183,188.488,audio_features,5SxZtc0xXmrXcXaoUIQskY,spotify:track:5SxZtc0xXmrXcXaoUIQskY,https://api.spotify.com/v1/tracks/5SxZtc0xXmrXcXaoUIQskY,https://api.spotify.com/v1/audio-analysis/5SxZtc0xXmrXcXaoUIQskY,209022,3
Under The Influence,Chris Brown,4ud5CYIXZekCQSjFCuByXt,0.727,0.704,9,-5.534,0,0.0426,0.0524,1.78e-06,0.102,0.318,116.987,audio_features,4ud5CYIXZekCQSjFCuByXt,spotify:track:4ud5CYIXZekCQSjFCuByXt,https://api.spotify.com/v1/tracks/4ud5CYIXZekCQSjFCuByXt,https://api.spotify.com/v1/audio-analysis/4ud5CYIXZekCQSjFCuByXt,184613,4
Something In The Orange,Zach Bryan,5E6XntSpjoOj9kUhsiSdZq,0.369,0.192,4,-12.151,0,0.04,0.555,8.35e-06,0.0954,0.148,175.212,audio_features,5E6XntSpjoOj9kUhsiSdZq,spotify:track:5E6XntSpjoOj9kUhsiSdZq,https://api.spotify.com/v1/tracks/5E6XntSpjoOj9kUhsiSdZq,https://api.spotify.com/v1/audio-analysis/5E6XntSpjoOj9kUhsiSdZq,228013,3
Cuff It,Beyonce,2TWRjCC6ERPVgKsvXHfIGA,0.644,0.806,0,-7.22,1,0.104,0.113,0.0,0.501,0.506,105.023,audio_features,2TWRjCC6ERPVgKsvXHfIGA,spotify:track:2TWRjCC6ERPVgKsvXHfIGA,https://api.spotify.com/v1/tracks/2TWRjCC6ERPVgKsvXHfIGA,https://api.spotify.com/v1/audio-analysis/2TWRjCC6ERPVgKsvXHfIGA,208000,4
Rock And A Hard Place,Bailey Zimmerman,4TnQPcwIvpxCo1QKrNzT8J,0.582,0.568,1,-7.3,1,0.0275,0.577,0.0,0.105,0.394,121.991,audio_features,4TnQPcwIvpxCo1QKrNzT8J,spotify:track:4TnQPcwIvpxCo1QKrNzT8J,https://api.spotify.com/v1/tracks/4TnQPcwIvpxCo1QKrNzT8J,https://api.spotify.com/v1/audio-analysis/4TnQPcwIvpxCo1QKrNzT8J,207541,3
Thank God,Kane Brown With Katelyn Brown,5ekA7j4MPQa3NZbZQSpRfF,0.463,0.84,0,-5.807,1,0.0385,0.00204,2.16e-06,0.197,0.575,99.991,audio_features,5ekA7j4MPQa3NZbZQSpRfF,spotify:track:5ekA7j4MPQa3NZbZQSpRfF,https://api.spotify.com/v1/tracks/5ekA7j4MPQa3NZbZQSpRfF,https://api.spotify.com/v1/audio-analysis/5ekA7j4MPQa3NZbZQSpRfF,214293,4
You Proof,Morgan Wallen,6YLZ03vXhMlUSaSjobvZhs,0.73,0.5,9,-11.591,1,0.0381,0.0237,0.914,0.0961,0.826,119.751,audio_features,6YLZ03vXhMlUSaSjobvZhs,spotify:track:6YLZ03vXhMlUSaSjobvZhs,https://api.spotify.com/v1/tracks/6YLZ03vXhMlUSaSjobvZhs,https://api.spotify.com/v1/audio-analysis/6YLZ03vXhMlUSaSjobvZhs,156615,4
Lavender Haze,Taylor Swift,4g2c7NoTWAOSYDy44l9nub,0.735,0.444,10,-10.519,1,0.0684,0.204,0.0012,0.17,0.0984,97.038,audio_features,4g2c7NoTWAOSYDy44l9nub,spotify:track:4g2c7NoTWAOSYDy44l9nub,https://api.spotify.com/v1/tracks/4g2c7NoTWAOSYDy44l9nub,https://api.spotify.com/v1/audio-analysis/4g2c7NoTWAOSYDy44l9nub,202396,4
Bad Habit,Steve Lacy,4i7HqWsN7iJzsXpsW5h1nb,0.709,0.679,9,-4.828,1,0.0588,0.808,4.61e-05,0.428,0.852,102.653,audio_features,4i7HqWsN7iJzsXpsW5h1nb,spotify:track:4i7HqWsN7iJzsXpsW5h1nb,https://api.spotify.com/v1/tracks/4i7HqWsN7iJzsXpsW5h1nb,https://api.spotify.com/v1/audio-analysis/4i7HqWsN7iJzsXpsW5h1nb,191336,4
Thought You Should Know,Morgan Wallen,03BnRR0svyDHLKs4zl9btw,0.502,0.405,6,-14.995,1,0.0351,0.26,0.943,0.126,0.305,70.314,audio_features,03BnRR0svyDHLKs4zl9btw,spotify:track:03BnRR0svyDHLKs4zl9btw,https://api.spotify.com/v1/tracks/03BnRR0svyDHLKs4zl9btw,https://api.spotify.com/v1/audio-analysis/03BnRR0svyDHLKs4zl9btw,213072,4
"Bzrp Music Sessions, Vol. 53",Bizarrap & Shakira,7MkylDYvKTSuWgrsBhHlsG,0.535,0.874,9,-2.248,0,0.137,0.371,0.0,0.192,0.323,140.006,audio_features,7MkylDYvKTSuWgrsBhHlsG,spotify:track:7MkylDYvKTSuWgrsBhHlsG,https://api.spotify.com/v1/tracks/7MkylDYvKTSuWgrsBhHlsG,https://api.spotify.com/v1/audio-analysis/7MkylDYvKTSuWgrsBhHlsG,227562,4
Escapism,RAYE Featuring 070 Shake,4D8h7lEUY0tVRGuX17tz3f,0.494,0.67,1,-5.639,1,0.0907,0.162,0.000166,0.0896,0.274,92.494,audio_features,4D8h7lEUY0tVRGuX17tz3f,spotify:track:4D8h7lEUY0tVRGuX17tz3f,https://api.spotify.com/v1/tracks/4D8h7lEUY0tVRGuX17tz3f,https://api.spotify.com/v1/audio-analysis/4D8h7lEUY0tVRGuX17tz3f,287135,4
"Going, Going, Gone",Luke Combs,7l0opbsWwkPAy53jZRUBW9,0.527,0.531,7,-6.381,1,0.0254,0.251,0.0,0.0604,0.411,160.135,audio_features,7l0opbsWwkPAy53jZRUBW9,spotify:track:7l0opbsWwkPAy53jZRUBW9,https://api.spotify.com/v1/tracks/7l0opbsWwkPAy53jZRUBW9,https://api.spotify.com/v1/audio-analysis/7l0opbsWwkPAy53jZRUBW9,174507,3
Superhero (Heroes & Villains),"Metro Boomin, Future & Chris Brown",2xOBiq7NMvSBqlDQjVvOek,0.751,0.351,5,-9.674,0,0.0497,0.0266,0.902,0.136,0.431,116.694,audio_features,2xOBiq7NMvSBqlDQjVvOek,spotify:track:2xOBiq7NMvSBqlDQjVvOek,https://api.spotify.com/v1/tracks/2xOBiq7NMvSBqlDQjVvOek,https://api.spotify.com/v1/audio-analysis/2xOBiq7NMvSBqlDQjVvOek,182667,4
Calm Down,Rema & Selena Gomez,6BRtWlr1VmsiPjIFnvg9Qv,0.708,0.475,1,-6.402,0,0.0403,0.229,1.17e-05,0.0465,0.162,124.846,audio_features,6BRtWlr1VmsiPjIFnvg9Qv,spotify:track:6BRtWlr1VmsiPjIFnvg9Qv,https://api.spotify.com/v1/tracks/6BRtWlr1VmsiPjIFnvg9Qv,https://api.spotify.com/v1/audio-analysis/6BRtWlr1VmsiPjIFnvg9Qv,190078,4
Last Night,Morgan Wallen,5gfPJ45gpn3ThswDyeW0Qc,0.888,0.833,3,-4.381,0,0.0912,0.256,0.00159,0.485,0.962,121.002,audio_features,5gfPJ45gpn3ThswDyeW0Qc,spotify:track:5gfPJ45gpn3ThswDyeW0Qc,https://api.spotify.com/v1/tracks/5gfPJ45gpn3ThswDyeW0Qc,https://api.spotify.com/v1/audio-analysis/5gfPJ45gpn3ThswDyeW0Qc,388226,4
Until I Found You,Stephen Sanchez,6VhuP99TE6gYNQRJIlAWFD,0.346,0.5,10,-6.097,1,0.0388,0.757,0.0,0.189,0.191,202.466,audio_features,6VhuP99TE6gYNQRJIlAWFD,spotify:track:6VhuP99TE6gYNQRJIlAWFD,https://api.spotify.com/v1/tracks/6VhuP99TE6gYNQRJIlAWFD,https://api.spotify.com/v1/audio-analysis/6VhuP99TE6gYNQRJIlAWFD,176667,3
Wait In The Truck,HARDY Featuring Lainey Wilson,7vsjRWuOxWYa20jZbtMqu0,0.515,0.189,6,-21.907,1,0.0379,0.475,0.897,0.112,0.0657,70.299,audio_features,7vsjRWuOxWYa20jZbtMqu0,spotify:track:7vsjRWuOxWYa20jZbtMqu0,https://api.spotify.com/v1/tracks/7vsjRWuOxWYa20jZbtMqu0,https://api.spotify.com/v1/audio-analysis/7vsjRWuOxWYa20jZbtMqu0,278334,4
The Kind Of Love We Make,Luke Combs,78Tn2vzu5tAClU4b3I58ME,0.507,0.499,1,-10.771,1,0.028,0.0244,0.912,0.104,0.563,204.008,audio_features,78Tn2vzu5tAClU4b3I58ME,spotify:track:78Tn2vzu5tAClU4b3I58ME,https://api.spotify.com/v1/tracks/78Tn2vzu5tAClU4b3I58ME,https://api.spotify.com/v1/audio-analysis/78Tn2vzu5tAClU4b3I58ME,223246,4
I Like You (A Happier Song),Post Malone Featuring Doja Cat,6f7BE3VcZScJx6n3wsf5Z3,0.48,0.526,5,-7.099,1,0.275,0.071,0.0,0.0879,0.374,199.662,audio_features,6f7BE3VcZScJx6n3wsf5Z3,spotify:track:6f7BE3VcZScJx6n3wsf5Z3,https://api.spotify.com/v1/tracks/6f7BE3VcZScJx6n3wsf5Z3,https://api.spotify.com/v1/audio-analysis/6f7BE3VcZScJx6n3wsf5Z3,267733,3
Shirt,SZA,4NLBrPnLcOgyoOUFmRsDbt,0.831,0.5,3,-7.941,0,0.0965,0.24,0.00682,0.0898,0.532,120.013,audio_features,4NLBrPnLcOgyoOUFmRsDbt,spotify:track:4NLBrPnLcOgyoOUFmRsDbt,https://api.spotify.com/v1/tracks/4NLBrPnLcOgyoOUFmRsDbt,https://api.spotify.com/v1/audio-analysis/4NLBrPnLcOgyoOUFmRsDbt,181840,4
Heart Like A Truck,Lainey Wilson,3YaTU6ysrQHdpocY4PExjB,0.587,0.632,9,-5.416,1,0.0311,0.148,1.01e-05,0.158,0.392,139.974,audio_features,3YaTU6ysrQHdpocY4PExjB,spotify:track:3YaTU6ysrQHdpocY4PExjB,https://api.spotify.com/v1/tracks/3YaTU6ysrQHdpocY4PExjB,https://api.spotify.com/v1/audio-analysis/3YaTU6ysrQHdpocY4PExjB,199040,4
Wait For U,Future Featuring Drake & Tems,4du1sHf5pUhdEEwqtmOAi2,0.652,0.243,1,-11.868,1,0.034,0.946,0.034,0.11,0.193,136.007,audio_features,4du1sHf5pUhdEEwqtmOAi2,spotify:track:4du1sHf5pUhdEEwqtmOAi2,https://api.spotify.com/v1/tracks/4du1sHf5pUhdEEwqtmOAi2,https://api.spotify.com/v1/audio-analysis/4du1sHf5pUhdEEwqtmOAi2,193936,4
Snooze,SZA,1Qrg8KqiBpW07V7PNxwwwL,0.644,0.735,8,-5.747,1,0.0391,0.0521,0.144,0.161,0.418,88.98,audio_features,1Qrg8KqiBpW07V7PNxwwwL,spotify:track:1Qrg8KqiBpW07V7PNxwwwL,https://api.spotify.com/v1/tracks/1Qrg8KqiBpW07V7PNxwwwL,https://api.spotify.com/v1/audio-analysis/1Qrg8KqiBpW07V7PNxwwwL,153947,4
Sure Thing,Miguel,4VCbKkAKlEQrGJ4yO9SsSS,0.684,0.607,11,-8.127,0,0.1,0.0267,0.000307,0.191,0.498,81.001,audio_features,4VCbKkAKlEQrGJ4yO9SsSS,spotify:track:4VCbKkAKlEQrGJ4yO9SsSS,https://api.spotify.com/v1/tracks/4VCbKkAKlEQrGJ4yO9SsSS,https://api.spotify.com/v1/audio-analysis/4VCbKkAKlEQrGJ4yO9SsSS,195373,4
Bebe Dame,Fuerza Regida X Grupo Frontera,5x3RvunGAJ3Ws7r5yhFKeB,0.651,0.423,7,-11.99,1,0.0494,0.057,0.0,0.186,0.782,143.894,audio_features,5x3RvunGAJ3Ws7r5yhFKeB,spotify:track:5x3RvunGAJ3Ws7r5yhFKeB,https://api.spotify.com/v1/tracks/5x3RvunGAJ3Ws7r5yhFKeB,https://api.spotify.com/v1/audio-analysis/5x3RvunGAJ3Ws7r5yhFKeB,187929,4
Players,Coi Leray,10RmUrJ28kkj7XgekcfZpc,0.952,0.507,6,-5.742,0,0.168,0.038,3.29e-05,0.0511,0.609,104.981,audio_features,10RmUrJ28kkj7XgekcfZpc,spotify:track:10RmUrJ28kkj7XgekcfZpc,https://api.spotify.com/v1/tracks/10RmUrJ28kkj7XgekcfZpc,https://api.spotify.com/v1/audio-analysis/10RmUrJ28kkj7XgekcfZpc,139560,4
Tomorrow 2,GloRilla & Cardi B,2RkyV0KXNLstEKn2qb1KZ6,0.638,0.736,0,-5.13,1,0.537,0.0655,0.0,0.0883,0.785,159.852,audio_features,2RkyV0KXNLstEKn2qb1KZ6,spotify:track:2RkyV0KXNLstEKn2qb1KZ6,https://api.spotify.com/v1/tracks/2RkyV0KXNLstEKn2qb1KZ6,https://api.spotify.com/v1/audio-analysis/2RkyV0KXNLstEKn2qb1KZ6,113845,4
Love Again,The Kid LAROI,6ncsVXsY8FaxpK5yg1eMHI,0.643,0.417,4,-10.155,1,0.186,0.809,0.0147,0.168,0.355,94.435,audio_features,6ncsVXsY8FaxpK5yg1eMHI,spotify:track:6ncsVXsY8FaxpK5yg1eMHI,https://api.spotify.com/v1/tracks/6ncsVXsY8FaxpK5yg1eMHI,https://api.spotify.com/v1/audio-analysis/6ncsVXsY8FaxpK5yg1eMHI,89340,4
She Had Me At Heads Carolina,Cole Swindell,143NxyffZRHXdVD1MaO5u3,0.65,0.67,8,-3.047,1,0.0308,0.774,0.0,0.0966,0.655,132.984,audio_features,143NxyffZRHXdVD1MaO5u3,spotify:track:143NxyffZRHXdVD1MaO5u3,https://api.spotify.com/v1/tracks/143NxyffZRHXdVD1MaO5u3,https://api.spotify.com/v1/audio-analysis/143NxyffZRHXdVD1MaO5u3,196307,4
Dawns,Zach Bryan Featuring Maggie Rogers,4soHgvFd9yGVrzTe9TROWl,0.727,0.164,6,-17.936,1,0.928,0.762,0.0,0.108,0.297,118.57,audio_features,4soHgvFd9yGVrzTe9TROWl,spotify:track:4soHgvFd9yGVrzTe9TROWl,https://api.spotify.com/v1/tracks/4soHgvFd9yGVrzTe9TROWl,https://api.spotify.com/v1/audio-analysis/4soHgvFd9yGVrzTe9TROWl,246733,3
Whiskey On You,Nate Smith,32ftcUIP8p7zmZT5vLBfy1,0.604,0.537,8,-10.459,1,0.0282,0.000729,0.85,0.0878,0.608,109.976,audio_features,32ftcUIP8p7zmZT5vLBfy1,spotify:track:32ftcUIP8p7zmZT5vLBfy1,https://api.spotify.com/v1/tracks/32ftcUIP8p7zmZT5vLBfy1,https://api.spotify.com/v1/audio-analysis/32ftcUIP8p7zmZT5vLBfy1,185477,4
Super Freaky Girl,Nicki Minaj,4dFKEyGrwmIimMqwYleFOR,0.88,0.777,2,-4.465,1,0.256,0.102,0.0,0.37,0.88,132.982,audio_features,4dFKEyGrwmIimMqwYleFOR,spotify:track:4dFKEyGrwmIimMqwYleFOR,https://api.spotify.com/v1/tracks/4dFKEyGrwmIimMqwYleFOR,https://api.spotify.com/v1/audio-analysis/4dFKEyGrwmIimMqwYleFOR,234900,4
Nobody Gets Me,SZA,0njT9NV9xsV4hLkgZ8yOUD,0.613,0.665,1,-6.438,1,0.089,0.233,0.00025,0.0618,0.595,143.856,audio_features,0njT9NV9xsV4hLkgZ8yOUD,spotify:track:0njT9NV9xsV4hLkgZ8yOUD,https://api.spotify.com/v1/tracks/0njT9NV9xsV4hLkgZ8yOUD,https://api.spotify.com/v1/audio-analysis/0njT9NV9xsV4hLkgZ8yOUD,369160,4
Unstoppable,Sia,4W7uMjg5a9ZqgNZzpY6ekk,0.468,0.779,9,-4.839,1,0.0779,0.112,0.000373,0.101,0.26,173.799,audio_features,4W7uMjg5a9ZqgNZzpY6ekk,spotify:track:4W7uMjg5a9ZqgNZzpY6ekk,https://api.spotify.com/v1/tracks/4W7uMjg5a9ZqgNZzpY6ekk,https://api.spotify.com/v1/audio-analysis/4W7uMjg5a9ZqgNZzpY6ekk,217747,4
What My World Spins Around,Jordan Davis,0LaZ4n2gyWeO4kFtzpHQ5M,0.661,0.885,4,-4.25,1,0.0348,0.128,0.0,0.315,0.848,103.976,audio_features,0LaZ4n2gyWeO4kFtzpHQ5M,spotify:track:0LaZ4n2gyWeO4kFtzpHQ5M,https://api.spotify.com/v1/tracks/0LaZ4n2gyWeO4kFtzpHQ5M,https://api.spotify.com/v1/audio-analysis/0LaZ4n2gyWeO4kFtzpHQ5M,161553,4
Sunroof,Nicky Youre & dazy,7djmGGWiUoMu9YmWEHrELO,0.815,0.661,10,-5.056,1,0.0372,0.176,0.0,0.103,0.651,131.474,audio_features,7djmGGWiUoMu9YmWEHrELO,spotify:track:7djmGGWiUoMu9YmWEHrELO,https://api.spotify.com/v1/tracks/7djmGGWiUoMu9YmWEHrELO,https://api.spotify.com/v1/audio-analysis/7djmGGWiUoMu9YmWEHrELO,169654,4
I Ain't Worried,OneRepublic,73PAbYaVbnFG0tQ4aBfxeN,0.704,0.797,0,-5.927,1,0.0475,0.0826,0.000745,0.0546,0.825,139.994,audio_features,73PAbYaVbnFG0tQ4aBfxeN,spotify:track:73PAbYaVbnFG0tQ4aBfxeN,https://api.spotify.com/v1/tracks/73PAbYaVbnFG0tQ4aBfxeN,https://api.spotify.com/v1/audio-analysis/73PAbYaVbnFG0tQ4aBfxeN,148486,4
About Damn Time,Lizzo,57IdGqRTGESDyidR9uUSOB,0.836,0.743,10,-6.305,0,0.0656,0.0995,0.0,0.335,0.722,108.966,audio_features,57IdGqRTGESDyidR9uUSOB,spotify:track:57IdGqRTGESDyidR9uUSOB,https://api.spotify.com/v1/tracks/57IdGqRTGESDyidR9uUSOB,https://api.spotify.com/v1/audio-analysis/57IdGqRTGESDyidR9uUSOB,191822,4
Lift Me Up,Rihanna,1Jb0BvBueT6TBcZKIRWoJ6,0.345,0.251,9,-14.902,1,0.0406,0.822,0.0993,0.0925,0.143,177.891,audio_features,1Jb0BvBueT6TBcZKIRWoJ6,spotify:track:1Jb0BvBueT6TBcZKIRWoJ6,https://api.spotify.com/v1/tracks/1Jb0BvBueT6TBcZKIRWoJ6,https://api.spotify.com/v1/audio-analysis/1Jb0BvBueT6TBcZKIRWoJ6,195515,4
Que Vuelvas,Carin Leon X Grupo Frontera,4NfwBgmzmzx8WpyIy9C6p7,0.772,0.598,0,-7.355,0,0.0414,0.601,0.00712,0.123,0.862,140.92,audio_features,4NfwBgmzmzx8WpyIy9C6p7,spotify:track:4NfwBgmzmzx8WpyIy9C6p7,https://api.spotify.com/v1/tracks/4NfwBgmzmzx8WpyIy9C6p7,https://api.spotify.com/v1/audio-analysis/4NfwBgmzmzx8WpyIy9C6p7,391467,4
Low,SZA,1QnWNMc9ZSTLuAwhXzTYQT,0.667,0.678,10,-7.74,0,0.032,0.0332,0.0,0.163,0.539,129.31,audio_features,1QnWNMc9ZSTLuAwhXzTYQT,spotify:track:1QnWNMc9ZSTLuAwhXzTYQT,https://api.spotify.com/v1/tracks/1QnWNMc9ZSTLuAwhXzTYQT,https://api.spotify.com/v1/audio-analysis/1QnWNMc9ZSTLuAwhXzTYQT,129849,4
One Thing At A Time,Morgan Wallen,4VWVupm8eU3Njc7YIQHs0F,0.504,0.513,0,-7.48,1,0.0277,0.129,0.0,0.685,0.0941,112.984,audio_features,4VWVupm8eU3Njc7YIQHs0F,spotify:track:4VWVupm8eU3Njc7YIQHs0F,https://api.spotify.com/v1/tracks/4VWVupm8eU3Njc7YIQHs0F,https://api.spotify.com/v1/audio-analysis/4VWVupm8eU3Njc7YIQHs0F,373267,4
Tennessee Orange,Megan Moroney,6TQrhZOWTPmG1mESeDRyEN,0.159,0.137,0,-15.02,1,0.0369,0.603,0.918,0.108,0.0399,138.581,audio_features,6TQrhZOWTPmG1mESeDRyEN,spotify:track:6TQrhZOWTPmG1mESeDRyEN,https://api.spotify.com/v1/tracks/6TQrhZOWTPmG1mESeDRyEN,https://api.spotify.com/v1/audio-analysis/6TQrhZOWTPmG1mESeDRyEN,224520,4
Bloody Mary,Lady Gaga,30c0cwPpyru7GjzKLJ51jM,0.794,0.522,9,-9.259,0,0.0316,0.0341,0.819,0.101,0.472,100.0,audio_features,30c0cwPpyru7GjzKLJ51jM,spotify:track:30c0cwPpyru7GjzKLJ51jM,https://api.spotify.com/v1/tracks/30c0cwPpyru7GjzKLJ51jM,https://api.spotify.com/v1/audio-analysis/30c0cwPpyru7GjzKLJ51jM,245133,4
What He Didn't Do,Carly Pearce,79ZBn845qsMjNPFKtuKEsF,0.523,0.723,9,-5.425,1,0.0436,0.112,0.0,0.61,0.276,137.748,audio_features,79ZBn845qsMjNPFKtuKEsF,spotify:track:79ZBn845qsMjNPFKtuKEsF,https://api.spotify.com/v1/tracks/79ZBn845qsMjNPFKtuKEsF,https://api.spotify.com/v1/audio-analysis/79ZBn845qsMjNPFKtuKEsF,194800,4
I Wrote The Book,Morgan Wallen,4vztnwssrON2PJAXtVf4An,0.716,0.414,9,-12.081,0,0.0618,0.538,1.04e-05,0.107,0.442,120.006,audio_features,4vztnwssrON2PJAXtVf4An,spotify:track:4vztnwssrON2PJAXtVf4An,https://api.spotify.com/v1/tracks/4vztnwssrON2PJAXtVf4An,https://api.spotify.com/v1/audio-analysis/4vztnwssrON2PJAXtVf4An,184831,4
Freestyle,Lil Baby,01JMnRUs2YOK6DDpdQASGY,0.817,0.513,10,-6.263,0,0.394,0.38,0.0,0.109,0.177,123.029,audio_features,01JMnRUs2YOK6DDpdQASGY,spotify:track:01JMnRUs2YOK6DDpdQASGY,https://api.spotify.com/v1/tracks/01JMnRUs2YOK6DDpdQASGY,https://api.spotify.com/v1/audio-analysis/01JMnRUs2YOK6DDpdQASGY,203438,4
Handle On You,Parker McCollum,6P7aZG4PRvErVyxtHIBts5,0.449,0.733,0,-3.583,1,0.0266,0.00455,6.81e-06,0.0996,0.433,142.499,audio_features,6P7aZG4PRvErVyxtHIBts5,spotify:track:6P7aZG4PRvErVyxtHIBts5,https://api.spotify.com/v1/tracks/6P7aZG4PRvErVyxtHIBts5,https://api.spotify.com/v1/audio-analysis/6P7aZG4PRvErVyxtHIBts5,194973,4
Everything I Love,Morgan Wallen,6KVuoJUrhbVgMrqZX5T7Kg,0.844,0.77,0,-8.629,1,0.0787,0.0422,1.38e-06,0.197,0.723,137.033,audio_features,6KVuoJUrhbVgMrqZX5T7Kg,spotify:track:6KVuoJUrhbVgMrqZX5T7Kg,https://api.spotify.com/v1/tracks/6KVuoJUrhbVgMrqZX5T7Kg,https://api.spotify.com/v1/audio-analysis/6KVuoJUrhbVgMrqZX5T7Kg,245440,4
Wild As Her,Corey Kent,0IXdyGzVO91HrnNXW6P5TT,0.565,0.851,9,-5.601,1,0.0319,0.00141,0.0,0.345,0.372,124.956,audio_features,0IXdyGzVO91HrnNXW6P5TT,spotify:track:0IXdyGzVO91HrnNXW6P5TT,https://api.spotify.com/v1/tracks/0IXdyGzVO91HrnNXW6P5TT,https://api.spotify.com/v1/audio-analysis/0IXdyGzVO91HrnNXW6P5TT,204040,4
Forget Me,Lewis Capaldi,3Xu1SbsuVDHrnzuNAZEXNB,0.716,0.454,4,-5.106,1,0.0318,0.751,0.0,0.143,0.486,101.953,audio_features,3Xu1SbsuVDHrnzuNAZEXNB,spotify:track:3Xu1SbsuVDHrnzuNAZEXNB,https://api.spotify.com/v1/tracks/3Xu1SbsuVDHrnzuNAZEXNB,https://api.spotify.com/v1/audio-analysis/3Xu1SbsuVDHrnzuNAZEXNB,207307,4
Growin' Up And Gettin' Old,Luke Combs,5n4kMW5dn7MHFhXQuJb9zG,0.478,0.516,5,-7.276,1,0.0267,0.403,0.0,0.0823,0.376,80.09,audio_features,5n4kMW5dn7MHFhXQuJb9zG,spotify:track:5n4kMW5dn7MHFhXQuJb9zG,https://api.spotify.com/v1/tracks/5n4kMW5dn7MHFhXQuJb9zG,https://api.spotify.com/v1/audio-analysis/5n4kMW5dn7MHFhXQuJb9zG,196008,4
Here With Me,d4vd,0wY9rA9fJkuESyYm9uzVK5,0.784,0.586,1,-3.417,1,0.187,0.00558,0.000286,0.106,0.656,132.169,audio_features,0wY9rA9fJkuESyYm9uzVK5,spotify:track:0wY9rA9fJkuESyYm9uzVK5,https://api.spotify.com/v1/tracks/0wY9rA9fJkuESyYm9uzVK5,https://api.spotify.com/v1/audio-analysis/0wY9rA9fJkuESyYm9uzVK5,171818,4
The Color Violet,Tory Lanez,2cK4RHjjvgs5vLrBdnZ022,0.81,0.366,0,-10.609,1,0.0841,0.0239,0.000186,0.0647,0.303,125.967,audio_features,2cK4RHjjvgs5vLrBdnZ022,spotify:track:2cK4RHjjvgs5vLrBdnZ022,https://api.spotify.com/v1/tracks/2cK4RHjjvgs5vLrBdnZ022,https://api.spotify.com/v1/audio-analysis/2cK4RHjjvgs5vLrBdnZ022,188514,4
Spin Bout U,Drake & 21 Savage,7fyB1cxZ0zj69MQwdKnpk0,0.539,0.516,8,-10.208,1,0.027,0.254,1.23e-06,0.142,0.466,137.819,audio_features,7fyB1cxZ0zj69MQwdKnpk0,spotify:track:7fyB1cxZ0zj69MQwdKnpk0,https://api.spotify.com/v1/tracks/7fyB1cxZ0zj69MQwdKnpk0,https://api.spotify.com/v1/audio-analysis/7fyB1cxZ0zj69MQwdKnpk0,222647,4
Blind,SZA,3ADKmQCxv7dn7KboDdveMF,0.644,0.609,1,-8.041,0,0.0956,0.132,3e-06,0.332,0.345,159.791,audio_features,3ADKmQCxv7dn7KboDdveMF,spotify:track:3ADKmQCxv7dn7KboDdveMF,https://api.spotify.com/v1/tracks/3ADKmQCxv7dn7KboDdveMF,https://api.spotify.com/v1/audio-analysis/3ADKmQCxv7dn7KboDdveMF,240943,4
Love You Better,Future,6RZj1kBuWGiE7tgOiZErWR,0.644,0.355,5,-9.292,1,0.287,0.47,0.000313,0.112,0.549,75.317,audio_features,6RZj1kBuWGiE7tgOiZErWR,spotify:track:6RZj1kBuWGiE7tgOiZErWR,https://api.spotify.com/v1/tracks/6RZj1kBuWGiE7tgOiZErWR,https://api.spotify.com/v1/audio-analysis/6RZj1kBuWGiE7tgOiZErWR,129480,4
La Bachata,Manuel Turizo,5QgwnXXptPRxrkglPpuraT,0.865,0.489,7,-9.508,0,0.0493,0.824,0.894,0.122,0.779,125.005,audio_features,5QgwnXXptPRxrkglPpuraT,spotify:track:5QgwnXXptPRxrkglPpuraT,https://api.spotify.com/v1/tracks/5QgwnXXptPRxrkglPpuraT,https://api.spotify.com/v1/audio-analysis/5QgwnXXptPRxrkglPpuraT,155946,4
I'm Not Here To Make Friends,Sam Smith,2lsqxC8ycVQreqAGiMDrtT,0.185,0.244,9,-11.461,0,0.033,0.925,1.78e-05,0.13,0.0636,183.599,audio_features,2lsqxC8ycVQreqAGiMDrtT,spotify:track:2lsqxC8ycVQreqAGiMDrtT,https://api.spotify.com/v1/tracks/2lsqxC8ycVQreqAGiMDrtT,https://api.spotify.com/v1/audio-analysis/2lsqxC8ycVQreqAGiMDrtT,211906,3
Nonsense,Sabrina Carpenter,7yogx3TwxGwSxO2QITsT2q,0.722,0.75,8,-4.051,1,0.0445,0.00768,0.0,0.128,0.57,139.019,audio_features,7yogx3TwxGwSxO2QITsT2q,spotify:track:7yogx3TwxGwSxO2QITsT2q,https://api.spotify.com/v1/tracks/7yogx3TwxGwSxO2QITsT2q,https://api.spotify.com/v1/audio-analysis/7yogx3TwxGwSxO2QITsT2q,153100,4
No Se Va,Grupo Frontera,1O0IFR3MYqgQbziKTCf0X4,0.641,0.517,0,-5.472,1,0.0673,0.528,0.0,0.136,0.642,127.902,audio_features,1O0IFR3MYqgQbziKTCf0X4,spotify:track:1O0IFR3MYqgQbziKTCf0X4,https://api.spotify.com/v1/tracks/1O0IFR3MYqgQbziKTCf0X4,https://api.spotify.com/v1/audio-analysis/1O0IFR3MYqgQbziKTCf0X4,175424,4
10:35,Tiesto Featuring Tate McRae,3CKbz7DsOPl94W9duLx9HK,0.747,0.786,1,-5.875,1,0.0363,0.0437,0.00104,0.149,0.719,125.008,audio_features,3CKbz7DsOPl94W9duLx9HK,spotify:track:3CKbz7DsOPl94W9duLx9HK,https://api.spotify.com/v1/tracks/3CKbz7DsOPl94W9duLx9HK,https://api.spotify.com/v1/audio-analysis/3CKbz7DsOPl94W9duLx9HK,174720,4
Snap,Rosa Linn,4JGFQyEJXDLtB3kOL3M1F3,0.631,0.842,0,-4.022,1,0.0674,0.0495,2.25e-05,0.284,0.332,112.896,audio_features,4JGFQyEJXDLtB3kOL3M1F3,spotify:track:4JGFQyEJXDLtB3kOL3M1F3,https://api.spotify.com/v1/tracks/4JGFQyEJXDLtB3kOL3M1F3,https://api.spotify.com/v1/audio-analysis/4JGFQyEJXDLtB3kOL3M1F3,148023,4
Shut Up My Moms Calling,Hotel Ugly,3EEr6l5PYelwkrvvKX7N0X,0.375,0.63,7,-5.131,1,0.0453,0.0552,0.0,0.107,0.349,115.728,audio_features,3EEr6l5PYelwkrvvKX7N0X,spotify:track:3EEr6l5PYelwkrvvKX7N0X,https://api.spotify.com/v1/tracks/3EEr6l5PYelwkrvvKX7N0X,https://api.spotify.com/v1/audio-analysis/3EEr6l5PYelwkrvvKX7N0X,202200,4
OMG,NewJeans,2DwUdMJ5uxv20EhAildreg,0.847,0.638,0,-3.764,1,0.0575,0.0596,0.0,0.0894,0.661,156.935,audio_features,2DwUdMJ5uxv20EhAildreg,spotify:track:2DwUdMJ5uxv20EhAildreg,https://api.spotify.com/v1/tracks/2DwUdMJ5uxv20EhAildreg,https://api.spotify.com/v1/audio-analysis/2DwUdMJ5uxv20EhAildreg,235562,4
Love Language,SZA,4iZ4pt7kvcaH6Yo8UoZ4s2,0.559,0.551,5,-7.231,1,0.132,0.141,0.0,0.11,0.392,143.008,audio_features,4iZ4pt7kvcaH6Yo8UoZ4s2,spotify:track:4iZ4pt7kvcaH6Yo8UoZ4s2,https://api.spotify.com/v1/tracks/4iZ4pt7kvcaH6Yo8UoZ4s2,https://api.spotify.com/v1/audio-analysis/4iZ4pt7kvcaH6Yo8UoZ4s2,201800,4
AMG,"Gabito Ballesteros, Peso Pluma & Natanael Cano",1ZxJvq28DUmAFZxt9lU7n6,0.699,0.58,11,-6.753,0,0.527,0.283,0.0,0.0926,0.706,83.759,audio_features,1ZxJvq28DUmAFZxt9lU7n6,spotify:track:1ZxJvq28DUmAFZxt9lU7n6,https://api.spotify.com/v1/tracks/1ZxJvq28DUmAFZxt9lU7n6,https://api.spotify.com/v1/audio-analysis/1ZxJvq28DUmAFZxt9lU7n6,209736,4
The Black Seminole.,Lil Yachty,6vDyzD9o8aYhR1963oJpkO,0.44,0.661,5,-7.118,1,0.124,0.418,0.00264,0.621,0.61,127.892,audio_features,6vDyzD9o8aYhR1963oJpkO,spotify:track:6vDyzD9o8aYhR1963oJpkO,https://api.spotify.com/v1/tracks/6vDyzD9o8aYhR1963oJpkO,https://api.spotify.com/v1/audio-analysis/6vDyzD9o8aYhR1963oJpkO,162209,4
You Didn't,Brett Young,7mqsZ1HaeI8Kf67rf1YJdh,0.657,0.275,10,-15.267,1,0.0299,0.222,0.293,0.116,0.2,73.99,audio_features,7mqsZ1HaeI8Kf67rf1YJdh,spotify:track:7mqsZ1HaeI8Kf67rf1YJdh,https://api.spotify.com/v1/tracks/7mqsZ1HaeI8Kf67rf1YJdh,https://api.spotify.com/v1/audio-analysis/7mqsZ1HaeI8Kf67rf1YJdh,222976,4
I Wish You Roses,Kali Uchis,6wJrDcWOIOn1MJh0FmCxhx,0.646,0.21,3,-14.846,1,0.0275,0.9,0.000165,0.109,0.594,93.066,audio_features,6wJrDcWOIOn1MJh0FmCxhx,spotify:track:6wJrDcWOIOn1MJh0FmCxhx,https://api.spotify.com/v1/tracks/6wJrDcWOIOn1MJh0FmCxhx,https://api.spotify.com/v1/audio-analysis/6wJrDcWOIOn1MJh0FmCxhx,230995,4
La Jumpa,Arcangel & Bad Bunny,6oKTVmuVSzQSLGvTFWLmf5,0.639,0.73,2,-5.927,0,0.0499,0.184,0.0,0.279,0.945,184.933,audio_features,6oKTVmuVSzQSLGvTFWLmf5,spotify:track:6oKTVmuVSzQSLGvTFWLmf5,https://api.spotify.com/v1/tracks/6oKTVmuVSzQSLGvTFWLmf5,https://api.spotify.com/v1/audio-analysis/6oKTVmuVSzQSLGvTFWLmf5,236400,3
Too Many Nights,Metro Boomin Featuring Don Toliver & Future,02guftHiZ0nqZIcVAnf0xk,0.684,0.671,7,-4.392,0,0.0464,0.189,2.37e-05,0.122,0.156,88.048,audio_features,02guftHiZ0nqZIcVAnf0xk,spotify:track:02guftHiZ0nqZIcVAnf0xk,https://api.spotify.com/v1/tracks/02guftHiZ0nqZIcVAnf0xk,https://api.spotify.com/v1/audio-analysis/02guftHiZ0nqZIcVAnf0xk,199920,4
Do It Again,NLE Choppa & 2Rare,6aB3iF4BCPRWQsKZu5UjRM,0.803,0.633,11,-7.391,0,0.319,0.124,1.9e-06,0.172,0.66,160.143,audio_features,6aB3iF4BCPRWQsKZu5UjRM,spotify:track:6aB3iF4BCPRWQsKZu5UjRM,https://api.spotify.com/v1/tracks/6aB3iF4BCPRWQsKZu5UjRM,https://api.spotify.com/v1/audio-analysis/6aB3iF4BCPRWQsKZu5UjRM,213206,4
Fin de Semana,Junior H X Oscar Maydon,3AHBW7gsuWsUlstIzM689M,0.676,0.671,5,-4.202,0,0.0974,0.155,0.0,0.0533,0.834,137.149,audio_features,3AHBW7gsuWsUlstIzM689M,spotify:track:3AHBW7gsuWsUlstIzM689M,https://api.spotify.com/v1/tracks/3AHBW7gsuWsUlstIzM689M,https://api.spotify.com/v1/audio-analysis/3AHBW7gsuWsUlstIzM689M,148794,3
Circo Loco,Drake & 21 Savage,2YmaKBj9Bw7jPbopzPHPMF,0.443,0.689,11,-10.048,0,0.395,0.679,0.0,0.42,0.433,94.891,audio_features,2YmaKBj9Bw7jPbopzPHPMF,spotify:track:2YmaKBj9Bw7jPbopzPHPMF,https://api.spotify.com/v1/tracks/2YmaKBj9Bw7jPbopzPHPMF,https://api.spotify.com/v1/audio-analysis/2YmaKBj9Bw7jPbopzPHPMF,290909,3
That's What Tequila Does,Jason Aldean,343VsBkNa2Ag8r09jkJROE,0.658,0.822,4,-4.988,1,0.0354,0.187,0.000852,0.1,0.766,114.021,audio_features,343VsBkNa2Ag8r09jkJROE,spotify:track:343VsBkNa2Ag8r09jkJROE,https://api.spotify.com/v1/tracks/343VsBkNa2Ag8r09jkJROE,https://api.spotify.com/v1/audio-analysis/343VsBkNa2Ag8r09jkJROE,187173,4
Back End,Finesse2Tymes,6xnuV18EI3l4YQdpoZd5jY,0.88,0.746,10,-3.381,0,0.124,0.0129,0.0,0.105,0.315,130.045,audio_features,6xnuV18EI3l4YQdpoZd5jY,spotify:track:6xnuV18EI3l4YQdpoZd5jY,https://api.spotify.com/v1/tracks/6xnuV18EI3l4YQdpoZd5jY,https://api.spotify.com/v1/audio-analysis/6xnuV18EI3l4YQdpoZd5jY,165479,4
Ditto,NewJeans,65FftemJ1DbbZ45DUfHJXE,0.804,0.771,9,-4.067,0,0.0433,0.357,3.07e-06,0.108,0.739,126.956,audio_features,65FftemJ1DbbZ45DUfHJXE,spotify:track:65FftemJ1DbbZ45DUfHJXE,https://api.spotify.com/v1/tracks/65FftemJ1DbbZ45DUfHJXE,https://api.spotify.com/v1/audio-analysis/65FftemJ1DbbZ45DUfHJXE,212253,4
Human,Cody Johnson,24Nt4OalWDICkEKVy81X6k,0.546,0.838,7,-3.51,1,0.0319,0.27,1.24e-05,0.0841,0.719,151.914,audio_features,24Nt4OalWDICkEKVy81X6k,spotify:track:24Nt4OalWDICkEKVy81X6k,https://api.spotify.com/v1/tracks/24Nt4OalWDICkEKVy81X6k,https://api.spotify.com/v1/audio-analysis/24Nt4OalWDICkEKVy81X6k,196907,4
Tennessee Fan,Morgan Wallen,1eS6UVVqLhTTpNZAAP1GH7,0.529,0.955,0,-5.584,1,0.0415,0.129,3.84e-06,0.275,0.934,182.17,audio_features,1eS6UVVqLhTTpNZAAP1GH7,spotify:track:1eS6UVVqLhTTpNZAAP1GH7,https://api.spotify.com/v1/tracks/1eS6UVVqLhTTpNZAAP1GH7,https://api.spotify.com/v1/audio-analysis/1eS6UVVqLhTTpNZAAP1GH7,203133,4
Knight Crawler,Trippie Redd & Juice WRLD,3IBySSAIfzt0vVhgGaiZA6,0.681,0.763,0,-3.604,1,0.253,0.034,0.0,0.315,0.439,130.098,audio_features,3IBySSAIfzt0vVhgGaiZA6,spotify:track:3IBySSAIfzt0vVhgGaiZA6,https://api.spotify.com/v1/tracks/3IBySSAIfzt0vVhgGaiZA6,https://api.spotify.com/v1/audio-analysis/3IBySSAIfzt0vVhgGaiZA6,177231,4
California Breeze,Lil Baby,4vACcnMMyDhdGIardAf4XW,0.628,0.845,9,-4.837,1,0.0398,0.0537,0.0,0.378,0.801,115.999,audio_features,4vACcnMMyDhdGIardAf4XW,spotify:track:4vACcnMMyDhdGIardAf4XW,https://api.spotify.com/v1/tracks/4vACcnMMyDhdGIardAf4XW,https://api.spotify.com/v1/audio-analysis/4vACcnMMyDhdGIardAf4XW,201653,4
Next Thing You Know,Jordan Davis,2NJQkZx5VEpKk8moUyK7ph,0.654,0.737,5,-6.281,1,0.0341,0.247,0.0,0.14,0.835,117.025,audio_features,2NJQkZx5VEpKk8moUyK7ph,spotify:track:2NJQkZx5VEpKk8moUyK7ph,https://api.spotify.com/v1/tracks/2NJQkZx5VEpKk8moUyK7ph,https://api.spotify.com/v1/audio-analysis/2NJQkZx5VEpKk8moUyK7ph,199933,4
Hey Mor,Ozuna Featuring Feid,2eor30onI6Gj1AaITJPf7R,0.78,0.823,0,-2.926,1,0.249,0.239,0.0,0.458,0.749,93.018,audio_features,2eor30onI6Gj1AaITJPf7R,spotify:track:2eor30onI6Gj1AaITJPf7R,https://api.spotify.com/v1/tracks/2eor30onI6Gj1AaITJPf7R,https://api.spotify.com/v1/audio-analysis/2eor30onI6Gj1AaITJPf7R,219377,4
Gato de Noche,Nengo Flow & Bad Bunny,0u7LUx0nbjhZSkGxTegLvz,0.564,0.537,4,-7.157,0,0.0526,0.384,0.0,0.246,0.3,165.228,audio_features,0u7LUx0nbjhZSkGxTegLvz,spotify:track:0u7LUx0nbjhZSkGxTegLvz,https://api.spotify.com/v1/tracks/0u7LUx0nbjhZSkGxTegLvz,https://api.spotify.com/v1/audio-analysis/0u7LUx0nbjhZSkGxTegLvz,245191,3
Heart To Heart,Mac DeMarco,7Dr5sMI3LTFikn8gseY1rm,0.901,0.137,8,-16.127,0,0.104,0.664,0.402,0.109,0.643,150.069,audio_features,7Dr5sMI3LTFikn8gseY1rm,spotify:track:7Dr5sMI3LTFikn8gseY1rm,https://api.spotify.com/v1/tracks/7Dr5sMI3LTFikn8gseY1rm,https://api.spotify.com/v1/audio-analysis/7Dr5sMI3LTFikn8gseY1rm,211140,4
Never Gonna Not Dance Again,P!nk,0Uv0h4QmjeR9ew5AjyBR3i,0.675,0.775,5,-4.072,0,0.0738,0.0272,0.0,0.113,0.8,113.872,audio_features,0Uv0h4QmjeR9ew5AjyBR3i,spotify:track:0Uv0h4QmjeR9ew5AjyBR3i,https://api.spotify.com/v1/tracks/0Uv0h4QmjeR9ew5AjyBR3i,https://api.spotify.com/v1/audio-analysis/0Uv0h4QmjeR9ew5AjyBR3i,225789,4
Dancin' In The Country,Tyler Hubbard,0U4iRayct65wsaBMQGiLbg,0.605,0.79,5,-5.576,1,0.0454,0.16,0.0,0.126,0.507,105.997,audio_features,0U4iRayct65wsaBMQGiLbg,spotify:track:0U4iRayct65wsaBMQGiLbg,https://api.spotify.com/v1/tracks/0U4iRayct65wsaBMQGiLbg,https://api.spotify.com/v1/audio-analysis/0U4iRayct65wsaBMQGiLbg,189773,4
